node_id,node_index,has_upstream,mean_delta_macro_nse,seed_42_delta_macro_nse,seed_43_delta_macro_nse,seed_44_delta_macro_nse,seed_45_delta_macro_nse,seed_46_delta_macro_nse
40321907,0,True,0.01573905423283577,0.0021866559982299805,-0.02239227294921875,0.03605411574244499,0.021506577730178833,0.04134019464254379
40323430,1,False,0.0,0.0,0.0,0.0,0.0,0.0
40323438,2,True,0.018466516071930526,0.0045741398353129625,-0.003415346145629883,0.026064366102218628,0.025954753160476685,0.039154667407274246
40324001,3,False,0.0,0.0,0.0,0.0,0.0,0.0
40324526,4,False,0.0,0.0,0.0,0.0,0.0,0.0
40324971,5,True,0.5542672157287598,3.529954433441162,-0.5038557052612305,-0.0870518684387207,2.608370304107666,-2.776081085205078
40326493,6,False,0.0,0.0,0.0,0.0,0.0,0.0
40326494,7,False,0.0,0.0,0.0,0.0,0.0,0.0
40327993,8,False,0.0,0.0,0.0,0.0,0.0,0.0
40332581,9,False,0.0,0.0,0.0,0.0,0.0,0.0
40335035,10,False,0.0,0.0,0.0,0.0,0.0,0.0
40335169,11,False,0.0,0.0,0.0,0.0,0.0,0.0
40335608,12,False,0.0,0.0,0.0,0.0,0.0,0.0
40338190,13,False,0.0,0.0,0.0,0.0,0.0,0.0
40343554,14,True,0.06785867586731911,0.015401381999254227,-0.016448065638542175,-0.013985678553581238,0.15011544525623322,0.2042102962732315
40343949,15,True,0.17605624697171152,0.07888187724165618,-0.36596841365098953,0.6393172517418861,-0.09612976759672165,0.6241802871227264
40344462,16,True,0.02825639545917511,-0.007021233439445496,0.010674059391021729,0.032096266746520996,0.03199303150177002,0.0735398530960083
40344711,17,False,0.0,0.0,0.0,0.0,0.0,0.0
40344826,18,True,0.025289088487625122,0.05160343647003174,0.018337279558181763,0.024278640747070312,-0.005295991897583008,0.037522077560424805
40351507,19,True,0.18360162116587161,0.03547273389995098,0.05150492861866951,0.17568060755729675,0.22825993597507477,0.4270898997783661
40361734,20,False,0.0,0.0,0.0,0.0,0.0,0.0
40364652,21,True,0.041441694274544714,-0.08853711932897568,-0.0176658034324646,0.06460615061223507,0.07547777518630028,0.1733274683356285
40365275,22,True,0.12378318905830384,-0.020320236682891846,0.07069209218025208,-0.00460544228553772,0.23535272479057312,0.33779680728912354
40366689,23,True,0.02512158825993538,0.0250055193901062,0.03687690198421478,0.04111306369304657,0.03000800311565399,-0.00739554688334465
40370728,24,True,0.010704654455184936,-0.00549691915512085,-0.09008613228797913,0.04970487952232361,0.019584298133850098,0.07981714606285095
40372121,25,False,0.0,0.0,0.0,0.0,0.0,0.0
40382210,26,True,0.018001769913826137,0.01001795008778572,0.03320127818733454,0.008176244795322418,0.032956161827314645,0.005657214671373367
40383360,27,True,0.04873609784990549,0.022055882960557938,0.07373314816504717,-0.002130851149559021,0.10530209541320801,0.04472021386027336
40387134,28,True,0.13331643864512444,0.1401500701904297,-0.06637927517294884,-0.02731003612279892,0.2947368919849396,0.32538454234600067
40388935,29,True,0.0666925847530365,0.04463684558868408,0.02152228355407715,0.07513296604156494,0.03762948513031006,0.15454134345054626
40393093,30,False,0.0,0.0,0.0,0.0,0.0,0.0
40396223,31,False,0.0,0.0,0.0,0.0,0.0,0.0
40396332,32,True,0.026673677563667297,-0.018968939781188965,0.008713461458683014,-0.0030822157859802246,0.13343065604567528,0.013275425881147385
40397650,33,False,0.0,0.0,0.0,0.0,0.0,0.0
40397796,34,False,0.0,0.0,0.0,0.0,0.0,0.0
40398088,35,False,0.0,0.0,0.0,0.0,0.0,0.0
40398747,36,True,0.0094157874584198,0.017207443714141846,0.02111196517944336,-0.0014322102069854736,-0.01147770881652832,0.021669447422027588
40400903,37,False,0.0,0.0,0.0,0.0,0.0,0.0
40403755,38,True,0.002524756733328104,0.004761556163430214,-0.004684310406446457,0.020937183871865273,0.0161183075979352,-0.02450895356014371
40404209,39,False,0.0,0.0,0.0,0.0,0.0,0.0
40405170,40,False,0.0,0.0,0.0,0.0,0.0,0.0
40406609,41,False,0.0,0.0,0.0,0.0,0.0,0.0
40406734,42,False,0.0,0.0,0.0,0.0,0.0,0.0
40407142,43,False,0.0,0.0,0.0,0.0,0.0,0.0
40408903,44,True,-0.18803370893001556,-0.05206954479217529,-0.5009638369083405,-0.232059046626091,-0.24211081862449646,0.08703470230102539
40409700,45,True,0.08009283542633057,1.1528290510177612,-2.5471463203430176,0.8334295749664307,-0.681962251663208,1.6433141231536865
40411223,46,False,0.0,0.0,0.0,0.0,0.0,0.0
40411831,47,True,0.06552809327840806,0.005182623863220215,-0.14485090225934982,0.19505013525485992,0.07420888543128967,0.19804972410202026
40412305,48,False,0.0,0.0,0.0,0.0,0.0,0.0
40413292,49,False,0.0,0.0,0.0,0.0,0.0,0.0
40415944,50,True,0.1167311429977417,0.030768901109695435,0.06976646184921265,-0.11047211289405823,0.3996279537677765,0.19396451115608215
40421537,51,False,0.0,0.0,0.0,0.0,0.0,0.0
40422863,52,False,0.0,0.0,0.0,0.0,0.0,0.0
40424770,53,False,0.0,0.0,0.0,0.0,0.0,0.0
40425297,54,False,0.0,0.0,0.0,0.0,0.0,0.0
40425302,55,False,0.0,0.0,0.0,0.0,0.0,0.0
40425958,56,False,0.0,0.0,0.0,0.0,0.0,0.0
40426083,57,True,-0.028518836200237273,-0.00904979556798935,-0.05795016139745712,-0.07439479231834412,-0.011539198458194733,0.01033976674079895
40426345,58,True,0.33350038826465606,1.4568195343017578,-0.15034937858581543,-0.10514545440673828,0.21355700492858887,0.25262023508548737
40426350,59,False,0.0,0.0,0.0,0.0,0.0,0.0
40426613,60,True,0.05393208069726825,0.14339226996526122,-0.006037667393684387,-0.02161085605621338,0.13049715757369995,0.023419499397277832
40426764,61,True,0.04419447965919972,0.006318192929029465,0.009495630860328674,0.00629192590713501,0.07298640161752701,0.12588024698197842
40426778,62,False,0.0,0.0,0.0,0.0,0.0,0.0
40427681,63,True,-0.05904238699004054,0.12147124344483018,-0.35823068022727966,-0.29688213765621185,0.3925905413925648,-0.15416090190410614
40427820,64,True,0.25421184450387957,0.1843285709619522,0.04339438769966364,0.03537183906883001,0.35635877773165703,0.6516056470572948
40427938,65,True,0.012120011448860168,0.020791806280612946,0.027931630611419678,-0.003775976598262787,0.0003681555390357971,0.015284441411495209
40429280,66,True,0.005510562658309936,0.0019262433052062988,0.0312592089176178,0.004732102155685425,0.0019319355487823486,-0.012296676635742188
40430479,67,True,0.006598417460918426,0.000881195068359375,0.018314652144908905,0.006629258394241333,0.005367636680603027,0.0017993450164794922
40432049,68,False,0.0,0.0,0.0,0.0,0.0,0.0
40433775,69,False,0.0,0.0,0.0,0.0,0.0,0.0
40435989,70,True,0.0016324399039149284,0.005473533645272255,0.0011056466028094292,0.011268459260463715,0.002005675807595253,-0.01169111579656601
40436263,71,False,0.0,0.0,0.0,0.0,0.0,0.0
40436957,72,True,0.027563962154090405,0.022308189421892166,0.0194815993309021,0.010995648801326752,0.04286112543195486,0.042173247784376144
40438567,73,True,0.017728768289089203,0.03467513620853424,-0.0016724839806556702,0.021985560655593872,0.004111349582672119,0.029544278979301453
40440595,74,True,0.0021371515467762947,-0.14085502922534943,0.04411112517118454,0.01673199702054262,0.042368412017822266,0.04832925274968147
40440732,75,False,0.0,0.0,0.0,0.0,0.0,0.0
40440909,76,True,0.013476735353469849,0.03829079866409302,0.011991411447525024,0.00043392181396484375,0.005341529846191406,0.011326014995574951
40441036,77,True,0.006257276237010956,0.0146382637321949,0.018871169537305832,0.00010001659393310547,-0.0018561258912086487,-0.00046694278717041016
40442283,78,True,0.008012079820036887,-0.014729820191860199,0.015161491930484772,0.010473787784576416,0.009444497525691986,0.019710442051291466
40442821,79,False,0.0,0.0,0.0,0.0,0.0,0.0
40446006,80,False,0.0,0.0,0.0,0.0,0.0,0.0
40448056,81,False,0.0,0.0,0.0,0.0,0.0,0.0
40448057,82,False,0.0,0.0,0.0,0.0,0.0,0.0
40449759,83,False,0.0,0.0,0.0,0.0,0.0,0.0
40450024,84,True,0.036719366908073425,-0.07865613512694836,-0.020490963011980057,0.0867997594177723,0.07117698341608047,0.12476718984544277
40451118,85,False,0.0,0.0,0.0,0.0,0.0,0.0
40451421,86,True,0.014979437366127968,-0.002647578716278076,0.019021669402718544,0.03069605492055416,0.039175448939204216,-0.011348407715559006
40451711,87,True,-0.21793346405029296,-0.873237669467926,0.1992131471633911,0.5484970808029175,-0.3867838978767395,-0.5773559808731079
40451839,88,True,0.014717510342597962,0.017634689807891846,0.021772116422653198,-0.003981858491897583,0.030353188514709473,0.0078094154596328735
40453759,89,False,0.0,0.0,0.0,0.0,0.0,0.0
40453871,90,True,0.0010813415050506593,-0.012221157550811768,0.013867989182472229,-0.0007459893822669983,-0.002045772969722748,0.006551638245582581
40453904,91,True,-0.0013861581683158875,-0.023796744644641876,0.009787946939468384,0.013551265001296997,-0.00858999788761139,0.0021167397499084473
40453907,92,True,0.0057980924844741825,0.02312527596950531,0.01042783260345459,-0.014877334237098694,0.010169923305511475,0.00014476478099822998
40454032,93,False,0.0,0.0,0.0,0.0,0.0,0.0
40454321,94,False,0.0,0.0,0.0,0.0,0.0,0.0
40455355,95,False,0.0,0.0,0.0,0.0,0.0,0.0
40457018,96,True,0.06695006177760661,0.0626915693283081,0.04146619513630867,0.049559612991288304,0.08765013888478279,0.09338279254734516
40457408,97,True,0.0006124019622802734,-0.016924500465393066,0.028109252452850342,0.022145330905914307,0.00020697712898254395,-0.03047505021095276
40457981,98,True,0.027316540479660034,0.052173107862472534,0.0330733060836792,0.016646504402160645,0.018002718687057495,0.016687065362930298
40459529,99,True,0.04313384182751179,0.027258768677711487,0.023031234741210938,0.0729454755783081,0.03192943334579468,0.06050429679453373
40459530,100,False,0.0,0.0,0.0,0.0,0.0,0.0
40459859,101,False,0.0,0.0,0.0,0.0,0.0,0.0
40459983,102,False,0.0,0.0,0.0,0.0,0.0,0.0
40460990,103,True,0.00948212444782257,0.012088596820831299,-0.0016502141952514648,0.012045145034790039,0.00017799437046051025,0.02474910020828247
40461133,104,True,0.009852415323257447,0.0231020450592041,-0.015340030193328857,0.03385910391807556,-0.0001806020736694336,0.00782155990600586
40461415,105,True,0.024486348032951355,0.0489707887172699,-0.002202451229095459,0.015768468379974365,0.011690020561218262,0.04820491373538971
40463024,106,False,0.0,0.0,0.0,0.0,0.0,0.0
40463432,107,False,0.0,0.0,0.0,0.0,0.0,0.0
40464377,108,True,0.013180500082671642,-0.05423658713698387,0.04455375671386719,0.021803121082484722,0.05028657615184784,0.003495633602142334
40465133,109,True,-0.054831750318408014,0.22525635361671448,-0.26716618798673153,0.08799128234386444,-0.25555920600891113,-0.06468099355697632
40465134,110,True,0.036264973878860476,0.026558339595794678,0.019611328840255737,0.04232168197631836,-0.003430008888244629,0.09626352787017822
40465870,111,False,0.0,0.0,0.0,0.0,0.0,0.0
40466757,112,False,0.0,0.0,0.0,0.0,0.0,0.0
40467388,113,False,0.0,0.0,0.0,0.0,0.0,0.0
40467389,114,False,0.0,0.0,0.0,0.0,0.0,0.0
40469335,115,False,0.0,0.0,0.0,0.0,0.0,0.0
40469781,116,False,0.0,0.0,0.0,0.0,0.0,0.0
40469915,117,False,0.0,0.0,0.0,0.0,0.0,0.0
40470524,118,True,-0.0029711614013649525,-0.01370847225189209,-0.1747550070285797,0.1461452841758728,-0.10546654462814331,0.13292893272591755
40470675,119,True,0.256148461997509,0.015945017337799072,0.18200728297233582,0.021586835384368896,0.5386503115296364,0.5225528627634048
40471915,120,False,0.0,0.0,0.0,0.0,0.0,0.0
40472194,121,True,1.1400782108306884,0.5419055223464966,1.6126874685287476,-0.15578210353851318,2.540429949760437,1.1611502170562744
40472200,122,True,0.0075707584619522095,0.005076751112937927,0.01269298791885376,0.009007439017295837,0.01683710515499115,-0.005760490894317627
40472341,123,True,1.4383631229400635,0.19671177864074707,2.3644217252731323,-0.08022618293762207,3.3356192111968994,1.3752890825271606
40473646,124,True,0.04681412577629089,0.03735703229904175,0.050682827830314636,0.021330736577510834,0.07137852907180786,0.05332150310277939
40474207,125,True,0.04559283573180437,0.00829382799565792,0.0846709432080388,0.0406794548034668,0.08530381694436073,0.009016135707497597
40474208,126,False,0.0,0.0,0.0,0.0,0.0,0.0
40474225,127,False,0.0,0.0,0.0,0.0,0.0,0.0
40476999,128,False,0.0,0.0,0.0,0.0,0.0,0.0
40477447,129,False,0.0,0.0,0.0,0.0,0.0,0.0
40477622,130,True,-0.004718571063131094,-0.05584152555093169,0.002912856638431549,0.03359411144629121,-0.02167953969910741,0.017421241849660873
40479406,131,True,0.081089230440557,0.10156299639493227,0.08846493624150753,0.04533658176660538,0.09600647538900375,0.07407516241073608
40480541,132,True,0.09333936274051666,0.01712644100189209,0.05918519198894501,0.09551399946212769,0.11600735783576965,0.17886382341384888
40480992,133,False,0.0,0.0,0.0,0.0,0.0,0.0
40480997,134,False,0.0,0.0,0.0,0.0,0.0,0.0
40481285,135,True,-0.008833809942007064,-0.8580384664237499,0.3045631945133209,0.3996337652206421,0.4679393172264099,-0.3582668602466583
40482280,136,True,0.19195588082075118,0.13978540897369385,0.29771849513053894,0.034634269773960114,0.32377104461193085,0.1638701856136322
40483618,137,False,0.0,0.0,0.0,0.0,0.0,0.0
40483627,138,False,0.0,0.0,0.0,0.0,0.0,0.0
40483630,139,True,0.017002928908914326,0.04898979142308235,0.02784014120697975,-0.017875552643090487,0.02651524543762207,-0.00045498088002204895
40483898,140,True,0.0029542237520217896,0.00924721360206604,-0.0012321770191192627,0.0025197118520736694,-0.002732694149017334,0.006969064474105835
40484033,141,True,-0.018845129013061523,-1.324007511138916,-0.9801585674285889,-0.6476970911026001,1.4731489419937134,1.384488582611084
40486278,142,False,0.0,0.0,0.0,0.0,0.0,0.0
40486636,143,True,1.0135713577270509,0.8398144245147705,-1.7671363353729248,0.5238969326019287,3.2803094387054443,2.190972328186035
40487102,144,False,0.0,0.0,0.0,0.0,0.0,0.0
40487411,145,False,0.0,0.0,0.0,0.0,0.0,0.0
40489269,146,False,0.0,0.0,0.0,0.0,0.0,0.0
40489415,147,False,0.0,0.0,0.0,0.0,0.0,0.0
40489548,148,False,0.0,0.0,0.0,0.0,0.0,0.0
40489701,149,True,-0.0718689203262329,0.10378167033195496,-0.4095657765865326,-0.004010438919067383,0.06579577922821045,-0.11534583568572998
40490097,150,False,0.0,0.0,0.0,0.0,0.0,0.0
40490760,151,True,-0.0016798794269561768,0.024075448513031006,-0.0069844722747802734,-0.0027331411838531494,-0.0046697258949279785,-0.01808750629425049
40490928,152,False,0.0,0.0,0.0,0.0,0.0,0.0
40491220,153,False,0.0,0.0,0.0,0.0,0.0,0.0
40491368,154,True,0.024611170589923858,-0.008777305483818054,0.029984325170516968,0.007195472717285156,0.00026895105838775635,0.09438440948724747
40491384,155,False,0.0,0.0,0.0,0.0,0.0,0.0
40492016,156,True,-0.8067220538854599,-2.140869379043579,-0.8342223167419434,0.022770792245864868,-0.07478220760822296,-1.006507158279419
40494176,157,False,0.0,0.0,0.0,0.0,0.0,0.0
40496325,158,False,0.0,0.0,0.0,0.0,0.0,0.0
40496328,159,True,0.004640567302703858,0.008459270000457764,0.0012502074241638184,0.003776341676712036,0.005103051662445068,0.004613965749740601
40498224,160,False,0.0,0.0,0.0,0.0,0.0,0.0
40498804,161,False,0.0,0.0,0.0,0.0,0.0,0.0
40500728,162,True,-0.005631585698574781,-0.012607991695404053,0.005168060772120953,-0.0002584853209555149,-0.014241933822631836,-0.006217578426003456
40500900,163,False,0.0,0.0,0.0,0.0,0.0,0.0
40502099,164,False,0.0,0.0,0.0,0.0,0.0,0.0
40502109,165,False,0.0,0.0,0.0,0.0,0.0,0.0
40502722,166,True,30.341878509521486,3.4022598266601562,40.093360900878906,13.014759063720703,76.79056549072266,18.408447265625
40503510,167,False,0.0,0.0,0.0,0.0,0.0,0.0
40508926,168,False,0.0,0.0,0.0,0.0,0.0,0.0
40509234,169,False,0.0,0.0,0.0,0.0,0.0,0.0
40509515,170,False,0.0,0.0,0.0,0.0,0.0,0.0
40511745,171,True,0.597638638317585,0.5037786774337292,-0.22342506796121597,0.07073311507701874,0.9921358413994312,1.6449706256389618
40512835,172,False,0.0,0.0,0.0,0.0,0.0,0.0
40514604,173,False,0.0,0.0,0.0,0.0,0.0,0.0
40516205,174,True,0.059300567209720614,0.07218068838119507,-0.006647557020187378,0.08105126023292542,0.04522860050201416,0.10468984395265579
40516616,175,False,0.0,0.0,0.0,0.0,0.0,0.0
40517112,176,False,0.0,0.0,0.0,0.0,0.0,0.0
40517418,177,False,0.0,0.0,0.0,0.0,0.0,0.0
40518129,178,False,0.0,0.0,0.0,0.0,0.0,0.0
40519503,179,False,0.0,0.0,0.0,0.0,0.0,0.0
40519674,180,False,0.0,0.0,0.0,0.0,0.0,0.0
40520008,181,True,0.06375746913254261,-0.005455285310745239,0.11242661811411381,0.01875966787338257,0.17311456054449081,0.0199417844414711
40520150,182,True,-0.010538879875093698,-0.002449631690979004,-0.006154516711831093,7.657334208488464e-05,0.005343159195035696,-0.049509983509778976
40520313,183,True,0.03194148894399405,0.029456835240125656,0.028028126806020737,-0.04919846821576357,0.2412170022726059,-0.0897960513830185
40522196,184,True,0.00364324226975441,-0.00374767929315567,0.00850754976272583,0.01258164644241333,-0.0014139637351036072,0.002288658171892166
40523037,185,False,0.0,0.0,0.0,0.0,0.0,0.0
40523428,186,False,0.0,0.0,0.0,0.0,0.0,0.0
40523567,187,True,0.016986750066280365,0.025222226977348328,0.023733854293823242,0.018666721880435944,-0.0029274970293045044,0.020238444209098816
40523568,188,False,0.0,0.0,0.0,0.0,0.0,0.0
40524453,189,False,0.0,0.0,0.0,0.0,0.0,0.0
40524457,190,True,-0.2171109914779663,1.0345274209976196,-0.7856592535972595,-0.9893243312835693,-0.4762583374977112,0.13115954399108887
40524595,191,False,0.0,0.0,0.0,0.0,0.0,0.0
40525325,192,False,0.0,0.0,0.0,0.0,0.0,0.0
40526300,193,True,-0.007462715834844857,0.017817775427829474,-0.03667440009303391,-0.0004162602126598358,0.0001818537712097168,-0.018222548067569733
40526722,194,True,-0.0194915309548378,-0.005089025944471359,-0.015691548585891724,-0.07664254680275917,-0.023086927831172943,0.0230523943901062
40527013,195,True,0.008908144454471767,0.017388761043548584,-0.0110309524461627,0.024275541305541992,0.007508138194680214,0.006399234174750745
40527430,196,False,0.0,0.0,0.0,0.0,0.0,0.0
40527431,197,True,-0.25561379753053187,0.02042786031961441,0.02485577203333378,-1.3835731148719788,0.018431641161441803,0.04178885370492935
40528837,198,False,0.0,0.0,0.0,0.0,0.0,0.0
40528842,199,False,0.0,0.0,0.0,0.0,0.0,0.0
40529220,200,True,0.012357671558856965,0.025453269481658936,0.010403234511613846,0.0058980584144592285,0.010452788323163986,0.009581007063388824
40529618,201,True,-0.003768417239189148,-0.010578975081443787,-0.0005402714014053345,-0.007196396589279175,0.012753352522850037,-0.01327979564666748
40529637,202,False,0.0,0.0,0.0,0.0,0.0,0.0
40530673,203,True,0.011516222357749939,0.006008535623550415,0.0003808736801147461,0.002074882388114929,0.02566199004650116,0.023454830050468445
40531963,204,True,0.013175129890441895,0.009628340601921082,-0.0019905120134353638,0.020135432481765747,0.022063419222831726,0.016038969159126282
40531966,205,False,0.0,0.0,0.0,0.0,0.0,0.0
40532109,206,True,0.029318825155496598,0.012308578938245773,0.028526246547698975,0.07183434814214706,0.007139027118682861,0.026785925030708313
40532239,207,True,0.007364948559552431,0.006736317649483681,0.02868938446044922,-0.014332432299852371,0.013837793841958046,0.0018936791457235813
40534403,208,False,0.0,0.0,0.0,0.0,0.0,0.0
40534693,209,False,0.0,0.0,0.0,0.0,0.0,0.0
40534700,210,False,0.0,0.0,0.0,0.0,0.0,0.0
40534809,211,True,0.0199020653963089,0.03682014346122742,-0.012983977794647217,0.007575809955596924,0.03484189510345459,0.03325645625591278
40535190,212,True,0.012533718347549438,-0.02599206566810608,-0.005989640951156616,0.02564755082130432,-0.007960796356201172,0.07696354389190674
40535328,213,True,-0.0011778295040130616,0.006675928831100464,0.01188206672668457,-0.00016176700592041016,-0.012530654668807983,-0.011754721403121948
40535329,214,True,0.008202945813536644,0.029000040143728256,-0.008230824023485184,0.005504906177520752,0.0009278077632188797,0.013812799006700516
40535756,215,True,0.10612957775592805,-0.028463035821914673,0.04485301673412323,-0.004528403282165527,0.2763645350933075,0.24242177605628967
40536069,216,True,0.008637148141860961,0.010751694440841675,0.024534016847610474,0.004896372556686401,0.003285050392150879,-0.00028139352798461914
40536070,217,True,0.011594911105930805,0.028053561225533485,0.0009281821548938751,-0.0027359137311577797,0.00910894200205803,0.022619783878326416
40536071,218,False,0.0,0.0,0.0,0.0,0.0,0.0
40536486,219,True,0.06493881642818451,-0.0041618794202804565,-0.02604822814464569,0.010135069489479065,0.159349262714386,0.18541985750198364
40536611,220,False,0.0,0.0,0.0,0.0,0.0,0.0
40536752,221,True,-0.005170360906049609,-0.036331771640107036,-0.010062914341688156,0.03208285570144653,-0.015744228847324848,0.004204254597425461
40537280,222,True,0.0032303929328918457,0.010562419891357422,0.02134576439857483,-0.014120817184448242,0.0019532442092895508,-0.003588646650314331
40537695,223,False,0.0,0.0,0.0,0.0,0.0,0.0
40537697,224,False,0.0,0.0,0.0,0.0,0.0,0.0
40539039,225,True,0.015496423840522766,0.01613081991672516,0.0060400813817977905,0.019609898328781128,0.025721117854118347,0.009980201721191406
40540492,226,False,0.0,0.0,0.0,0.0,0.0,0.0
40541960,227,False,0.0,0.0,0.0,0.0,0.0,0.0
40544224,228,True,0.029447832703590394,0.010713055729866028,-0.0003821253776550293,0.026530206203460693,0.04189179837703705,0.06848622858524323
40544908,229,False,0.0,0.0,0.0,0.0,0.0,0.0
40545186,230,True,0.2654163897037506,0.168243408203125,-0.0569671094417572,0.11026868224143982,0.590189516544342,0.5153474509716034
40545966,231,False,0.0,0.0,0.0,0.0,0.0,0.0
40546088,232,True,0.10481281876564026,0.06722041964530945,0.13280093669891357,0.18341949582099915,0.07366007566452026,0.06696316599845886
40547123,233,False,0.0,0.0,0.0,0.0,0.0,0.0
40547386,234,False,0.0,0.0,0.0,0.0,0.0,0.0
40547394,235,False,0.0,0.0,0.0,0.0,0.0,0.0
40547860,236,True,0.01917846202850342,-0.1268736869096756,0.03726053237915039,0.043222784996032715,0.01480257511138916,0.12748010456562042
40547861,237,False,0.0,0.0,0.0,0.0,0.0,0.0
